MSI-VTGAKADIA9X48-2.5MM-22MIL	1.99
MSI-VTGAKADIA9X48-5MM-20MIL	2.99
MSI-VTGAUSGRO9X48-5MM-20MIL	2.99
MSI-VTGAYLA7X48-2MM-12MIL	2.49
MSI-VTGBAYBLO9X48-2.5MM-22MIL	1.99
MSI-VTGBAYBUF9X48-2.5MM-22MIL	1.99
MSI-VTGBENBLO9X48-5MM-20MIL	2.99
MSI-VTGBLEELM7X48-2.5MM-20MIL	2.99
MSI-VTGBLEELM9X48-5MM-20MIL	2.99
MSI-VTGBURACA7X48-2.5MM-20MIL	2.99
MSI-VTGCHAOAK7X48-2.5MM-20MIL	2.99
MSI-VTGCRANTO9X48-5MM-20MIL	2.99
MSI-VTGELMASH7X48-2.5MM-20MIL	2.99
MSI-VTGFALLON9X48-2.5MM-22MIL	1.99
MSI-VTGFALLON9X48-5MM-20MIL	2.99
MSI-VTGFAUNA9X48-5MM-20MIL	2.99
MSI-VTGFINELY9X48-5MM-20MIL	2.99
MSI-VTGHATFIE9X48-2.5MM-22MIL	1.99
MSI-VTGHYDHAV9X48-2.5MM-22MIL	1.99
MSI-VTGLARKIN9X48-5MM-20MIL	2.99
MSI-VTGLIMWAS7X48-2.5MM-20MIL	2.99
MSI-VTGLOUHIL7X48-2MM-12MIL	2.49
MSI-VTGLUDLOW7X48-2MM-12MIL	2.49
MSI-VTGMTSAND7X48-2MM-12MIL	2.49
MSI-VTGPALMIL9X48-5MM-20MIL	2.99
MSI-VTGRECOAK7X48-2.5MM-20MIL	2.99
MSI-VTGRUNISL7X48-2MM-12MIL	2.49
MSI-VTGRUNISL9X48-5MM-20MIL	2.99
MSI-VTGSANDIN9X48-5MM-20MIL	2.99
MSI-VTGSCANDI9X48-2.5MM-22MIL	1.99
MSI-VTGSELBOU9X48-2.5MM-22MIL	1.99
MSI-VTGSHAGRO9X48-5MM-20MIL	2.99
MSI-VTGTWIOAK7X48-2.5MM-20MIL	2.99
MSI-VTGVALGRO9X48-5MM-20MIL	2.99
MSI-VTGWALDOR7X48-2MM-12MIL	2.49
MSI-VTGWALWAV9X48-5MM-20MIL	2.99
MSI-VTGWHARTO7X48-2MM-12MIL	2.49
MSI-VTGWHTGRA7X48-2MM-12MIL	2.49
MSI-VTGWOOGRA7X48-2.5MM-20MIL	2.99
MSI-VTGYORGRA9X48-5MM-20MIL	2.99
MSI-VTRABINGD7X48-5MM-20MIL	2.99
MSI-VTRADLAR9X48-9MM-30MIL	3.49
MSI-VTRAKADIA7X48-5MM-12MIL	2.49
MSI-VTRAKADIA7X48-5MM-20MIL	2.99
MSI-VTRAKADIA7X48-6.5MM-20MIL	2.99
MSI-VTRAMBFOR7X48-5MM-12MIL	2.49
MSI-VTRAMBFOR7X48-5MM-20MIL	2.99
MSI-VTRAMBFOR7X48-6.5MM-20MIL	2.99
MSI-VTRANDAZ9X72-12MM-30MIL	4.19
MSI-VTRAUSGRO7X48-5MM-12MIL	2.49
MSI-VTRAUSGRO7X48-5MM-20MIL	2.99
MSI-VTRAUSGRO7X48-6.5MM-20MIL	2.99
MSI-VTRBARREL7X48-5MM-12MIL	2.49
MSI-VTRBARREL7X48-6.5MM-20MIL	2.99
MSI-VTRBARSTO7X48-5MM-12MIL	2.49
MSI-VTRBARSTO7X48-5MM-20MIL	2.99
MSI-VTRBARSTO7X48-6.5MM-20MIL	2.99
MSI-VTRBAYBLO7X48-5MM-20MIL	2.99
MSI-VTRBAYBUFF9X48-5MM-20MIL	2.99
MSI-VTRBAYBUFF9X48-8MM-22MIL	1.99
MSI-VTRBAYGRO7X48-4.4MM-12MIL	2.49
MSI-VTRBAYLIN7X48-4.4MM-12MIL	2.49
MSI-VTRBAYSTO7X48-4.4MM-12MIL	2.49
MSI-VTRBECBRU7X48-4.4MM-12MIL	2.49
MSI-VTRBELBRO7X48-5MM-20MIL	2.99
MSI-VTRBEMBRI7X48-5MM-12MIL	2.49
MSI-VTRBEMBRI7X48-6.5MM-20MIL	2.99
MSI-VTRBENBLO7X48-4.4MM-12MIL	2.49
MSI-VTRBILLIN7X48-5MM-12MIL	2.49
MSI-VTRBILLIN7X48-6.5MM-20MIL	2.99
MSI-VTRBLUFFV9X72-12MM-30MIL	4.19
MSI-VTRBLYTHE7X48-5MM-20MIL	2.99
MSI-VTRBOSWEL7X48-5MM-12MIL	2.49
MSI-VTRBOSWEL7X48-6.5MM-20MIL	2.99
MSI-VTRBOZMAN9X48-9MM-30MIL	3.49
MSI-VTRBRAHIL7X48-5MM-12MIL	2.49
MSI-VTRBRAHIL7X48-6.5MM-20MIL	2.99
MSI-VTRBRALY7X48-5MM-12MIL	2.49
MSI-VTRBRALY7X48-5MM-20MIL	2.99
MSI-VTRBRALY7X48-6.5MM-20MIL	2.99
MSI-VTRBRIANK7X48-5MM-12MIL	2.49
MSI-VTRBRIANK7X48-6.5MM-20MIL	2.99
MSI-VTRBRIHAV7X48-5MM-20MIL	2.99
MSI-VTRBROKIN7X48-5MM-12MIL	2.49
MSI-VTRBROKIN7X48-5MM-20MIL	2.99
MSI-VTRBROKIN7X48-6.5MM-20MIL	2.99
MSI-VTRBROOKL7X48-5MM-12MIL	2.49
MSI-VTRBROOKL7X48-6.5MM-20MIL	2.99
MSI-VTRCABANA9X48-5MM-20MIL	2.99
MSI-VTRCABANA9X48-8MM-22MIL	1.99
MSI-VTRCHEHIL7X48-5MM-12MIL	2.49
MSI-VTRCHEHIL7X48-5MM-20MIL	2.99
MSI-VTRCHEHIL7X48-6.5MM-20MIL	2.99
MSI-VTRCOACOT9X48-5MM-20MIL	2.99
MSI-VTRCOACOT9X48-8MM-22MIL	1.99
MSI-VTRCRANTO7X48-5MM-12MIL	2.49
MSI-VTRCRANTO7X48-6.5MM-20MIL	2.99
MSI-VTRDAKWOR7X48-5MM-20MIL	2.99
MSI-VTRDARUMB7X48-5MM-20MIL	2.99
MSI-VTRDILFOG7X48-4.4MM-12MIL	2.49
MSI-VTRDOACK9X48-9MM-30MIL	3.49
MSI-VTRDRAVEN7X48-5MM-12MIL	2.49
MSI-VTRDRAVEN7X48-6.5MM-20MIL	2.99
MSI-VTRDULTAI7X48-5MM-12MIL	2.49
MSI-VTRDULTAI7X48-5MM-20MIL	2.99
MSI-VTRDULTAI7X48-6.5MM-20MIL	2.99
MSI-VTRDUNMER7X48-4.4MM-12MIL	2.49
MSI-VTRDUNOAK7X48-5MM-12MIL	2.49
MSI-VTRDUNOAK7X48-6.5MM-20MIL	2.99
MSI-VTRELWOOD9X72-12MM-30MIL	4.19
MSI-VTREXOTIK7X48-5MM-12MIL	2.49
MSI-VTREXOTIK7X48-6.5MM-20MIL	2.99
MSI-VTRFALLON9X48-5MM-20MIL	2.99
MSI-VTRFALLON9X48-8MM-22MIL	1.99
MSI-VTRFAUNA7X48-5MM-12MIL	2.49
MSI-VTRFAUNA7X48-5MM-20MIL	2.99
MSI-VTRFAUNA7X48-6.5MM-20MIL	2.99
MSI-VTRFINELY7X48-5MM-12MIL	2.49
MSI-VTRFINELY7X48-5MM-20MIL	2.99
MSI-VTRFINELY7X48-6.5MM-20MIL	2.99
MSI-VTRFLAXEN9X48-5MM-20MIL	2.99
MSI-VTRFLAXEN9X48-8MM-22MIL	1.99
MSI-VTRGRAYTO7X48-5MM-12MIL	2.49
MSI-VTRGRAYTO7X48-6.5MM-20MIL	2.99
MSI-VTRHATFIE7X48-5MM-20MIL	2.99
MSI-VTRHATHILG9X48-5MM-20MIL	2.99
MSI-VTRHATHILG9X48-8MM-22MIL	1.99
MSI-VTRHAWTHO7X48-5MM-12MIL	2.49
MSI-VTRHAWTHO7X48-6.5MM-20MIL	2.99
MSI-VTRHIGGRE7X48-5MM-20MIL	2.99
MSI-VTRHONBEL7X48-5MM-12MIL	2.49
MSI-VTRHONBEL7X48-5MM-20MIL	2.99
MSI-VTRHONBEL7X48-6.5MM-20MIL	2.99
MSI-VTRHONHOL9X48-5MM-20MIL	2.99
MSI-VTRHONHOL9X48-8MM-22MIL	1.99
MSI-VTRHYDHAV9X48-5MM-20MIL	2.99
MSI-VTRHYDHAV9X48-8MM-22MIL	1.99
MSI-VTRJENTA7X48-5MM-12MIL	2.49
MSI-VTRJENTA7X48-6.5MM-20MIL	2.99
MSI-VTRKARDIG7X48-5MM-12MIL	2.49
MSI-VTRKARDIG7X48-6.5MM-20MIL	2.99
MSI-VTRKATASH7X48-5MM-12MIL	2.49
MSI-VTRKATASH7X48-5MM-20MIL	2.99
MSI-VTRKATASH7X48-6.5MM-20MIL	2.99
MSI-VTRKINGRA7X48-5MM-20MIL	2.99
MSI-VTRLARK9X48-9MM-30MIL	3.49
MSI-VTRLARKIN9X48-5MM-20MIL	2.99
MSI-VTRLARKIN9X48-8MM-22MIL	1.99
MSI-VTRLENCRE7X48-5MM-12MIL	2.49
MSI-VTRLENCRE7X48-5MM-20MIL	2.99
MSI-VTRLENCRE7X48-6.5MM-20MIL	2.99
MSI-VTRLINLOG9X48-5MM-20MIL	2.99
MSI-VTRLINLOG9X48-8MM-22MIL	1.99
MSI-VTRLUDLOW7X48-5MM-12MIL	2.49
MSI-VTRLUDLOW7X48-5MM-20MIL	2.99
MSI-VTRLUDLOW7X48-6.5MM-20MIL	2.99
MSI-VTRMACLAN9X72-12MM-30MIL	4.19
MSI-VTRMALDEN9X48-9MM-30MIL	3.49
MSI-VTRMALTA9X48-5MM-20MIL	2.99
MSI-VTRMALTA9X48-8MM-22MIL	1.99
MSI-VTRMEADOW9X48-5MM-20MIL	2.99
MSI-VTRMEADOW9X48-8MM-22MIL	1.99
MSI-VTRMELSHI9X72-12MM-30MIL	4.19
MSI-VTRMEZCLA7X48-5MM-12MIL	2.49
MSI-VTRMEZCLA7X48-5MM-20MIL	2.99
MSI-VTRMEZCLA7X48-6.5MM-20MIL	2.99
MSI-VTRMILHAV7X48-4.4MM-12MIL	2.49
MSI-VTRPALMIL9X48-5MM-20MIL	2.99
MSI-VTRPALMIL9X48-8MM-22MIL	1.99
MSI-VTRQUIIAN9X48-9MM-30MIL	3.49
MSI-VTRROSWEL9X48-9MM-30MIL	3.49
MSI-VTRRUNISL7X48-5MM-12MIL	2.49
MSI-VTRRUNISL7X48-5MM-20MIL	2.99
MSI-VTRRUNISL7X48-6.5MM-20MIL	2.99
MSI-VTRRYDER7X48-5MM-12MIL	2.49
MSI-VTRRYDER7X48-6.5MM-20MIL	2.99
MSI-VTRSADWOO9X48-5MM-20MIL	2.99
MSI-VTRSADWOO9X48-8MM-22MIL	1.99
MSI-VTRSANDIN7X48-5MM-12MIL	2.49
MSI-VTRSANDIN7X48-5MM-20MIL	2.99
MSI-VTRSANDIN7X48-6.5MM-20MIL	2.99
MSI-VTRSANDRE7X48-4.4MM-12MIL	2.49
MSI-VTRSCANDI9X48-5MM-20MIL	2.99
MSI-VTRSCANDI9X48-8MM-22MIL	1.99
MSI-VTRSELBOU9X48-5MM-20MIL	2.99
MSI-VTRSELBOU9X48-8MM-22MIL	1.99
MSI-VTRSHAGRO9X48-5MM-20MIL	2.99
MSI-VTRSHAGRO9X48-8MM-22MIL	1.99
MSI-VTRSTABLE7X48-5MM-12MIL	2.49
MSI-VTRSTABLE7X48-6.5MM-20MIL	2.99
MSI-VTRSTABLETON7X48-4.4MM-12MIL	2.49
MSI-VTRSUNSET7X48-4.4MM-12MIL	2.49
MSI-VTRSWICAN9X48-9MM-30MIL	3.49
MSI-VTRTAOS9X48-9MM-30MIL	3.49
MSI-VTRTIFTON9X48-9MM-30MIL	3.49
MSI-VTRTIMBRA7X48-5MM-20MIL	2.99
MSI-VTRTRANQU9X48-5MM-20MIL	2.99
MSI-VTRTRANQU9X48-8MM-22MIL	1.99
MSI-VTRVALGRO7X48-5MM-12MIL	2.49
MSI-VTRVALGRO7X48-5MM-20MIL	2.99
MSI-VTRVALGRO7X48-6.5MM-20MIL	2.99
MSI-VTRVENTAR9X48-5MM-20MIL	2.99
MSI-VTRVENTAR9X48-8MM-22MIL	1.99
MSI-VTRVINTAJ7X48-5MM-20MIL	2.99
MSI-VTRWALDRO9X72-12MM-30MIL	4.19
MSI-VTRWALWAV7X48-5MM-12MIL	2.49
MSI-VTRWALWAV7X48-6.5MM-20MIL	2.99
MSI-VTRWEABRI7X48-5MM-12MIL	2.49
MSI-VTRWEABRI7X48-6.5MM-20MIL	2.99
MSI-VTRWHITMOO7X48-5MM-20MIL	2.99
MSI-VTRWHIWHI7X48-5MM-20MIL	2.99
MSI-VTRWHTGRA7X48-5MM-12MIL	2.49
MSI-VTRWHTGRA7X48-5MM-20MIL	2.99
MSI-VTRWHTGRA7X48-6.5MM-20MIL	2.99
MSI-VTRWILTON7X48-5MM-20MIL	2.99
MSI-VTRWOBABB7X48-5MM-12MIL	2.49
MSI-VTRWOBABB7X48-6.5MM-20MIL	2.99
MSI-VTRWOLFEB7X48-5MM-12MIL	2.49
MSI-VTRWOLFEB7X48-6.5MM-20MIL	2.99
